Year,Dam,Chinook.Adult,Chinook.Jack,Coho.Adult,Coho.Jack,Sockeye,Steelhead,Wild.Steelhead,Pink,Shad,Chum,Lamprey
2007,BON,274321,83054,91994,4064,24376,320931,80953,27,2575277,95,19313
2006,BON,493136,32812,101087,7920,37066,333250,83890,6,3965254,121,38938
2005,BON,570303,29998,83321,5486,72971,314721,88894,17,4242129,128,26664
2004,BON,845717,60247,115041,4808,123291,311122,97542,1,5355677,77,61780
2003,BON,917154,75344,125743,8127,39291,361412,112347,637,4558550,326,117029
2002,BON,870803,54649,88459,6830,49610,481203,143045,0,3164556,72,100476
2001,BON,867933,103398,259756,6780,114934,633464,149582,-4,2297959,58,27947
2000,BON,401733,90195,85734,11393,93398,275273,76220,0,1244317,38,19002
1999,BON,306981,36195,40684,4468,17875,206488,55064,28,1638281,43,37296
1998,BON,248860,32084,46290,3630,13218,185094,35701,13,1891086,0,37515
1997,BON,360673,26415,24061,3206,47008,258385,33580,2,2171561,15,20891
1996,BON,272885,23750,15737,3010,30252,205213,17375,159,1923143,25,NA
1995,BON,189419,50631,10397,1639,8774,202448,NA,35,1716206,26,NA
1994,BON,208197,35253,20291,2503,12678,161978,29174,0,1557555,22,NA
1993,BON,259337,18320,10642,1105,80178,188386,NA,13,1993504,11,NA
1992,BON,219688,36611,14369,3757,84992,314974,NA,20,2551439,37,NA
1991,BON,226433,48211,60417,5091,76482,274535,NA,550,1914417,5,NA
1990,BON,296389,44409,11641,13123,49581,183011,NA,0,2947865,26,NA
1989,BON,373202,42878,27422,11821,41884,287802,NA,12,1877404,16,NA
1988,BON,411897,82131,27038,12579,79721,279277,NA,6,1164320,60,NA
1987,BON,468574,78885,17921,9713,116956,300351,NA,20,943875,147,NA
1986,BON,371075,200114,108587,22199,58099,376752,NA,23,858170,77,NA
1985,BON,293803,164803,38504,18195,165933,330170,NA,147,974951,97,NA
1984,BON,216469,106877,16604,12728,152540,315795,NA,8,1275789,64,NA
1983,BON,186214,58262,8402,6776,100542,218419,NA,52,1419989,50,NA
1982,BON,247911,74898,55816,18016,50219,157640,NA,0,780212,12,NA
1981,BON,232299,53351,21935,8575,56037,159270,NA,20,881179,4,NA
1980,BON,207770,37748,12974,9078,58882,129254,NA,0,939390,44,NA
1979,BON,220335,55957,26612,15716,52627,114010,NA,23,1039857,1,NA
1978,BON,332323,6267,30278,22312,18436,104431,NA,0,861166,28,NA
1977,BON,281659,84998,9325,10083,99829,193437,NA,0,495723,17,NA
1976,BON,364907,142866,36666,16484,43611,124177,NA,2,305219,11,NA
1975,BON,350320,75246,32772,25535,58212,85540,NA,309,264246,11,NA
1974,BON,288410,78349,31605,29350,43837,137054,NA,2,98945,23,NA
1973,BON,318836,79799,25849,28760,58979,157823,NA,12,519207,43,NA
1972,BON,336037,58419,34216,31716,56323,185886,NA,51,214725,1,NA
1971,BON,328740,76962,53817,22172,87447,193966,NA,176,189597,29,NA
1970,BON,314032,70748,54868,25248,70762,113510,NA,150,329276,209,NA
1969,BON,411300,96300,24162,25216,59636,140782,NA,86,317358,143,379509
1968,BON,276400,64900,43030,20458,108207,106974,NA,21,294078,79,109029
1967,BON,292700,73500,48505,47983,144158,121872,NA,50,222460,352,66171
1966,BON,294700,45400,36972,34919,156661,143661,NA,58,557513,872,67914
1965,BON,253400,64600,49400,26600,55125,166453,NA,64,617323,496,108987
1964,BON,315600,28800,53602,NA,99856,117252,NA,45,252674,632,104337
1963,BON,230500,48100,12658,NA,60319,129418,NA,34,389772,739,87937
1962,BON,268100,18500,14788,NA,28179,164025,NA,27,435988,1013,101426
1961,BON,254300,27700,3456,NA,17111,139719,NA,12,265697,896,364805
1960,BON,237600,18500,3268,NA,59713,113676,NA,0,93368,1026,177898
1959,BON,345000,NA,2700,NA,86560,129026,NA,22,6720,906,215083
1958,BON,426400,NA,3700,NA,122389,131437,NA,6,10201,455,98419
1957,BON,403200,NA,4700,NA,82915,139183,NA,12,13159,569,53031
1956,BON,300900,NA,6100,NA,156418,131116,NA,4,8085,693,49911
1955,BON,359800,NA,3700,NA,237748,198411,NA,9,5808,318,42603
1954,BON,321000,NA,4100,NA,130107,176260,NA,4,5029,1569,40986
1953,BON,332500,NA,13000,NA,235215,223914,NA,10,16430,1728,47129
1952,BON,420900,NA,7800,NA,184645,260990,NA,9,3131,1505,26203
1951,BON,331800,NA,5200,NA,169428,140689,NA,7,8353,1044,45110
1950,BON,357400,NA,10200,NA,77993,114087,NA,8,7816,1069,32693
1949,BON,277700,NA,1000,NA,51444,119285,NA,6,22579,2028,57928
1948,BON,419500,NA,4100,NA,131541,139062,NA,2,8422,3636,143815
1947,BON,480500,NA,11200,NA,171139,135444,NA,3,26041,199,94326
1946,BON,446000,NA,3900,NA,74376,142807,NA,2,20383,1178,74825
1945,BON,297500,NA,790,NA,9501,120133,NA,1,94526,728,36488
1944,BON,240800,NA,4200,NA,15072,100518,NA,1,17103,954,36209
1943,BON,313100,NA,2500,NA,39845,92133,NA,0,2848,788,51096
1942,BON,401900,NA,12400,NA,55464,151800,NA,11,12859,1865,52361
1941,BON,461400,NA,17900,NA,65741,118089,NA,4,18657,5269,64954
1940,BON,391600,NA,11900,NA,148807,185174,NA,0,22230,1729,156102
1939,BON,286200,NA,14400,NA,73382,122032,NA,0,4803,1168,227122
1938,BON,271900,NA,15200,NA,75040,107003,NA,0,5273,2117,NA
2007,MCN,129062,49740,20217,2370,18175,208788,50958,0,985776,0,3454
2006,MCN,197539,19646,12183,1150,29295,184024,42213,0,1176899,0,2456
2005,MCN,249633,19470,18577,1199,63540,214105,55757,0,1951001,0,4158
2004,MCN,342302,40644,19004,1128,89707,201071,56203,0,1751728,0,5888
2003,MCN,368345,52258,18095,1735,32037,230418,66554,51,1077680,1,13325
2002,MCN,380976,36114,2144,1048,39177,286805,81439,0,599294,0,11282
2001,MCN,437120,52664,22918,1812,97188,398784,94384,0,1063568,0,2539
2000,MCN,152763,38307,11173,1005,60242,130063,31072,0,350457,0,1281
1999,MCN,106891,15055,4736,199,11794,84088,17711,0,248895,0,NA
1998,MCN,99432,15172,5959,214,9391,99705,17859,0,393305,0,NA
1997,MCN,145958,16988,2261,319,38043,129817,16707,0,340090,0,NA
1996,MCN,101616,13331,1281,572,28585,124177,16733,0,352755,0,NA
1995,MCN,84692,28662,914,107,8321,114821,NA,0,481081,0,NA
1994,MCN,107889,20979,1347,388,10611,94427,17202,0,668528,0,NA
1993,MCN,133097,10315,360,121,66485,93183,NA,0,701404,0,NA
1992,MCN,111723,23984,1196,605,68737,194026,NA,0,1635089,0,NA
1991,MCN,82636,31935,1611,660,69365,168900,NA,NA,674483,NA,NA
1990,MCN,121159,26272,1054,1005,46146,95061,NA,NA,866940,NA,NA
1989,MCN,151486,24912,1925,1458,41318,171467,NA,NA,1076467,NA,NA
1988,MCN,184870,58717,1112,897,48819,152169,NA,NA,665925,NA,NA
1987,MCN,237200,50703,338,312,72069,148034,NA,NA,610042,NA,NA
1986,MCN,207819,132902,803,578,46430,193472,NA,NA,307361,NA,NA
1985,MCN,161401,115821,2616,3963,98457,188204,NA,NA,438329,NA,NA
1984,MCN,102675,56378,897,1926,56894,135306,NA,NA,280785,NA,NA
1983,MCN,91905,29936,788,1651,40903,124996,NA,NA,417130,NA,NA
1982,MCN,69246,32979,1356,1763,15077,75099,NA,NA,117862,NA,NA
1981,MCN,63427,17192,1725,2011,26644,61985,NA,NA,193373,NA,NA
1980,MCN,63215,17566,307,264,44301,66524,NA,NA,275223,NA,NA
1979,MCN,69756,25441,6500,6300,37792,50304,NA,NA,361024,NA,NA
1978,MCN,123542,20606,4800,15900,18511,34740,NA,NA,380727,NA,NA
1977,MCN,128363,55228,1800,2800,80781,87712,NA,NA,432749,NA,NA
1976,MCN,80900,82400,3370,4169,24632,54000,NA,NA,70694,NA,NA
1975,MCN,83400,49800,1986,2156,43143,22663,NA,NA,107583,NA,NA
1974,MCN,93300,34500,5076,8670,26505,26932,NA,NA,58043,NA,NA
1973,MCN,148500,35600,7733,9949,42731,64620,NA,NA,318377,NA,NA
1972,MCN,146700,22100,7570,38065,26422,93820,NA,NA,54176,NA,NA
1971,MCN,134000,37400,9919,29439,52867,109630,NA,NA,41845,NA,NA
1970,MCN,136000,32900,8275,28124,59636,69759,NA,NA,108350,NA,NA
1969,MCN,173600,39900,6751,46965,29787,76681,NA,NA,89402,NA,3069
1968,MCN,155400,45000,21952,17566,101007,112522,NA,NA,26247,NA,1568
1967,MCN,146500,49200,5900,21300,105635,77700,NA,NA,25673,NA,NA
1966,MCN,179700,43400,8500,NA,173028,145130,NA,NA,100366,NA,NA
1965,MCN,101600,49300,2700,NA,42052,118960,NA,NA,39810,NA,NA
1964,MCN,138600,29400,3300,NA,83931,100742,NA,NA,14494,NA,NA
1963,MCN,110500,44000,3100,NA,59744,113646,NA,NA,9015,NA,NA
1962,MCN,133800,19000,3200,NA,29372,163181,NA,NA,12847,NA,NA
1961,MCN,131800,23200,2000,NA,16388,103743,NA,NA,1612,NA,NA
1960,MCN,154300,22400,1600,NA,55372,96895,NA,NA,1147,NA,NA
1959,MCN,171500,NA,2000,NA,83977,110475,NA,NA,17,NA,NA
1958,MCN,226100,NA,1400,NA,102397,87890,NA,NA,48,NA,NA
1957,MCN,292700,NA,2900,NA,85460,105728,NA,NA,636,NA,NA
1956,MCN,114300,NA,680,NA,102145,42554,NA,NA,4,NA,NA
1955,MCN,108900,NA,640,NA,173758,85575,NA,NA,0,NA,NA
1954,MCN,126500,NA,950,NA,108181,75059,NA,NA,0,NA,NA
2007,IHR,49470,19635,1994,153,55,153619,31527,0,202818,0,290
2006,IHR,44246,8255,897,74,48,123631,27322,0,213229,0,277
2005,IHR,51543,6818,1601,20,18,155541,35249,0,281114,0,461
2004,IHR,111388,18825,3473,46,91,168897,40128,0,365493,NA,805
2003,IHR,119910,23287,1362,69,37,186474,46001,12,245805,NA,1702
2002,IHR,127062,10342,199,32,61,202173,51308,0,81373,NA,1127
2001,IHR,199959,15593,1286,74,38,255720,46257,0,287874,NA,203
2000,IHR,49533,22532,942,200,216,120254,22996,0,70783,NA,315
1999,IHR,15783,7457,120,6,8,80267,13215,0,32576,NA,NA
1998,IHR,22127,3925,11,4,7,77644,11050,0,14296,NA,NA
1997,IHR,53361,2051,127,1,15,103830,10324,0,5434,NA,668
1996,IHR,13101,3318,0,0,1,100702,10551,0,12954,NA,737
1995,IHR,4993,2997,4,0,5,92026,NA,0,22226,NA,NA
1994,IHR,6411,1170,1,0,0,51704,8265,0,33443,NA,NA
1993,IHR,34318,673,1,1,17,73107,NA,0,48801,NA,NA
1992,IHR,34089,1932,0,0,33,160614,NA,0,171607,NA,NA
1991,IHR,19363,3828,0,0,9,123765,NA,NA,58571,NA,NA
1990,IHR,29612,2229,1,0,2,54758,NA,NA,90164,NA,NA
1989,IHR,23467,3767,0,0,4,151101,NA,NA,119199,NA,NA
1988,IHR,44625,3509,0,0,22,100519,NA,NA,112081,NA,NA
1987,IHR,44590,2803,0,0,13,74365,NA,NA,8209,NA,NA
1986,IHR,48140,4455,0,0,16,144278,NA,NA,5403,NA,NA
1985,IHR,37144,10845,6,0,122,116878,NA,NA,8120,NA,NA
1984,IHR,15274,2694,17,5,105,93891,NA,NA,8504,NA,NA
1983,IHR,18281,1978,221,244,216,88720,NA,NA,13942,NA,NA
1982,IHR,20133,2513,158,190,174,73405,NA,NA,19337,NA,NA
1981,IHR,19678,2405,25,57,142,39441,NA,NA,5048,NA,NA
1980,IHR,11768,2924,48,8,36,47942,NA,NA,2857,NA,NA
1979,IHR,11502,2409,396,NA,30,20792,NA,NA,10489,NA,NA
1978,IHR,60342,994,652,NA,86,26440,NA,NA,16278,NA,NA
1977,IHR,53118,3396,1561,NA,582,54820,NA,NA,41192,NA,NA
1976,IHR,28800,7660,1991,NA,771,23885,NA,NA,5290,NA,NA
1975,IHR,29300,2360,1559,NA,243,16218,NA,NA,3483,NA,NA
1974,IHR,30100,2260,1334,NA,204,12528,NA,NA,603,NA,NA
1973,IHR,77100,4730,2443,NA,233,38311,NA,NA,11012,NA,NA
1972,IHR,76000,6500,2522,NA,363,63593,NA,NA,1268,NA,NA
1971,IHR,61700,8500,2969,NA,532,67029,NA,NA,134,NA,NA
1970,IHR,70300,7400,3636,NA,797,53870,NA,NA,400,NA,NA
1969,IHR,90500,10000,5316,NA,745,63889,NA,NA,441,NA,NA
1968,IHR,82500,16200,6227,NA,1165,82383,NA,NA,584,NA,NA
1967,IHR,71700,13100,3770,NA,717,44205,NA,NA,6531,NA,NA
1966,IHR,67300,8600,878,NA,278,65798,NA,NA,398,NA,NA
1965,IHR,30100,9200,320,NA,317,62873,NA,NA,532,NA,NA
1964,IHR,53800,6300,2071,NA,1276,58860,NA,NA,373,NA,NA
1963,IHR,61200,NA,1933,NA,1118,74539,NA,NA,675,NA,NA
1962,IHR,94200,NA,3207,NA,38,115796,NA,NA,253,NA,NA
2007,JDA,153006,61313,33019,6209,24277,227112,60142,0,0,0,5731
2006,JDA,259958,28476,28868,4910,35387,217122,52009,3,0,1,9600
2005,JDA,299695,22868,30869,3328,69770,223174,64328,12,NA,0,8312
2004,JDA,398607,47696,32627,2128,113497,227199,68391,0,NA,0,11663
2003,JDA,412461,54606,34453,4124,35417,286176,83959,18,2735108,0,20922
2002,JDA,410161,37568,7669,1603,41915,390300,112755,0,1850942,1,26821
2001,JDA,453110,57877,48870,2311,107869,483409,112335,0,1796826,0,4005
2000,JDA,212479,56972,20560,3405,88372,220325,56798,0,1161639,0,5844
1999,JDA,143671,19611,11901,1331,14809,165314,41316,1,763007,0,4005
1998,JDA,116303,13746,7646,851,9837,158567,30286,0,1025044,0,NA
1997,JDA,169566,15674,3518,711,35830,157008,21513,0,1007896,95,9237
1996,JDA,118531,12071,3289,990,25698,156002,23157,0,959262,0,NA
1995,JDA,83084,24192,1913,204,8667,123240,NA,0,1033730,0,NA
1994,JDA,107778,18867,2455,387,11170,93075,17343,0,935988,1,NA
1993,JDA,132084,9621,2679,316,61218,95642,NA,0,647097,0,NA
1992,JDA,109941,22084,1710,923,69731,195196,NA,NA,1963060,0,NA
1991,JDA,90277,28672,6592,1585,63636,159936,NA,NA,1382009,NA,NA
1990,JDA,134235,22192,1520,1503,42077,107775,NA,NA,1641943,NA,NA
1989,JDA,183206,25092,6032,3622,39374,193446,NA,NA,1773938,NA,NA
1988,JDA,228680,51443,5003,2578,48095,165362,NA,NA,890997,NA,NA
1987,JDA,274006,53917,2110,1245,75212,171475,NA,NA,739690,NA,NA
1986,JDA,212618,133656,1029,904,46357,236955,NA,NA,609363,NA,NA
1985,JDA,185578,145980,762,832,126498,230342,NA,NA,682344,NA,NA
1984,JDA,118716,70390,1289,781,109815,201870,NA,NA,586015,NA,NA
1983,JDA,96405,43318,933,707,89811,154783,NA,NA,1172578,NA,NA
1982,JDA,87116,56966,2525,1538,37970,108603,NA,NA,514861,NA,NA
1981,JDA,79812,34547,943,1619,46146,95280,NA,NA,527678,NA,NA
1980,JDA,74787,25877,1016,908,50675,78199,NA,NA,638037,NA,NA
1979,JDA,76790,41364,3800,1200,43630,55877,NA,NA,646187,NA,NA
1978,JDA,138563,36289,1000,7300,13778,44188,NA,NA,629005,NA,NA
1977,JDA,134545,60386,860,270,85701,102558,NA,NA,476407,NA,NA
1976,JDA,91900,83900,4061,1745,30446,59808,NA,NA,193000,NA,NA
1975,JDA,96700,62400,3150,3155,50774,32651,NA,NA,196199,NA,NA
1974,JDA,106200,61700,6238,8413,33121,43756,NA,NA,141066,NA,NA
1973,JDA,175800,73700,9132,4227,64744,101440,NA,NA,419876,NA,NA
1972,JDA,140000,82600,7312,10221,51793,141628,NA,NA,142805,NA,NA
1971,JDA,132500,61300,23245,17585,72232,115977,NA,NA,104034,NA,NA
1970,JDA,148400,74000,10276,9267,78133,82440,NA,NA,207530,NA,NA
1969,JDA,182100,93900,4558,9031,39847,86348,NA,NA,174523,NA,52314
1968,JDA,166400,67300,24396,13837,87847,121256,NA,NA,122616,NA,21669
2007,LMN,55888,17353,2092,139,44,154104,33236,0,0,0,138
2006,LMN,44642,9840,1102,79,17,135566,27338,1,0,0,175
2005,LMN,47424,4857,2065,30,18,153792,37106,0,0,NA,222
2004,LMN,102098,11932,3496,167,80,153530,38786,0,0,NA,194
2003,LMN,103117,19988,991,113,14,176541,45268,3,160295,NA,476
2002,LMN,115241,9432,138,11,46,212639,55728,0,58677,NA,284
2001,LMN,213371,11908,798,159,32,252907,45689,0,224248,NA,59
2000,LMN,45647,23314,579,171,291,112616,20998,0,74266,NA,94
1999,LMN,12804,7467,81,7,15,72817,10925,0,41759,NA,NA
1998,LMN,17934,3603,0,0,2,66118,8490,0,18267,NA,NA
1997,LMN,49913,1643,28,2,16,85602,6762,0,6879,NA,NA
1996,LMN,12023,3583,2,4,3,96609,10075,0,5670,NA,NA
1995,LMN,5092,2791,1,3,4,90136,NA,0,9673,NA,NA
1994,LMN,6218,1001,0,0,6,49917,8149,0,18952,NA,NA
1993,LMN,33600,551,0,0,17,68531,NA,0,15896,NA,NA
1992,LMN,28890,1255,0,0,15,130429,NA,0,123037,NA,NA
1991,LMN,15037,3102,1,2,6,97534,NA,NA,20484,NA,NA
1990,LMN,26604,1619,1,0,0,44007,NA,NA,25891,NA,NA
1989,LMN,21674,3916,3,14,9,129618,NA,NA,43043,NA,NA
1988,LMN,41363,2752,2,1,36,84598,NA,NA,55787,NA,NA
1987,LMN,40049,2396,0,6,16,62681,NA,NA,6563,NA,NA
1986,LMN,45301,5197,2,7,26,120365,NA,NA,2781,NA,NA
1985,LMN,32573,8445,21,3,65,106183,NA,NA,5375,NA,NA
1984,LMN,15008,3027,23,3,334,89086,NA,NA,8144,NA,NA
1983,LMN,17441,1632,66,45,119,80570,NA,NA,12595,NA,NA
1982,LMN,20022,1943,52,37,154,62772,NA,NA,5043,NA,NA
1981,LMN,17784,2207,19,44,136,35923,NA,NA,1274,NA,NA
1980,LMN,8671,2213,61,12,48,34322,NA,NA,4854,NA,NA
1979,LMN,9445,1843,194,NA,31,17794,NA,NA,4908,NA,NA
1978,LMN,55839,996,218,NA,96,20540,NA,NA,1620,NA,NA
1977,LMN,4561,3440,122,NA,292,47749,NA,NA,3362,NA,NA
1976,LMN,26600,7900,361,NA,364,21822,NA,NA,194,NA,NA
1975,LMN,29600,3500,572,NA,146,17363,NA,NA,161,NA,NA
1974,LMN,28400,3340,812,NA,114,15139,NA,NA,214,NA,NA
1973,LMN,75100,5500,1333,NA,206,39530,NA,NA,4036,NA,NA
1972,LMN,66300,5900,733,NA,415,66857,NA,NA,72,NA,NA
1971,LMN,55600,13300,2171,NA,808,70114,NA,NA,2,NA,NA
1970,LMN,64200,11100,2972,NA,240,62167,NA,NA,866,NA,NA
1969,LMN,74500,12300,6466,NA,1127,71436,NA,NA,541,NA,NA
2007,LGS,42278,18120,1963,178,37,135414,23905,0,0,0,72
2006,LGS,38266,6429,938,34,26,124440,24681,1,0,0,125
2005,LGS,42393,4160,1913,79,13,143537,31157,0,0,NA,211
2004,LGS,89983,11014,2911,131,81,146418,34101,0,0,NA,243
2003,LGS,97617,17274,784,80,23,166046,44284,4,56834,NA,660
2002,LGS,110991,8333,109,24,38,203494,53484,0,15161,NA,365
2001,LGS,201302,13068,490,50,72,232669,44150,0,63102,NA,104
2000,LGS,42214,20748,309,6,299,100394,16063,0,20181,NA,4
1999,LGS,10914,6321,85,4,16,65471,9816,0,7412,NA,NA
1998,LGS,16842,2956,1,0,5,63753,8569,0,2330,NA,NA
1997,LGS,48865,799,53,6,10,74219,6222,0,533,NA,NA
1996,LGS,10252,3286,0,0,1,82203,9611,0,715,NA,NA
1995,LGS,3650,1411,8,1,17,77744,NA,0,1478,NA,NA
1994,LGS,4981,476,0,0,44,45815,8422,0,10066,NA,NA
1993,LGS,31794,590,0,0,16,59740,NA,0,3941,NA,NA
1992,LGS,25551,1195,0,0,12,117698,NA,0,72629,NA,NA
1991,LGS,11358,2379,1,0,10,96830,NA,13,3889,NA,NA
1981,LGS,17120,1940,8,110,200,38680,NA,NA,84,NA,NA
1980,LGS,8800,1810,90,35,88,38627,NA,NA,614,NA,NA
1979,LGS,10450,1980,210,190,72,21049,NA,NA,121,NA,NA
1978,LGS,54890,1150,150,160,168,24927,NA,NA,2,NA,NA
1977,LGS,45620,3610,110,330,574,47388,NA,NA,10,NA,NA
1976,LGS,24530,7830,320,410,644,20894,NA,NA,1,NA,NA
1975,LGS,24500,2400,400,300,173,15225,NA,NA,0,NA,NA
1974,LGS,24000,2780,280,240,124,14784,NA,NA,1,NA,NA
1973,LGS,66100,4460,770,380,192,38820,NA,NA,27,NA,NA
1972,LGS,58900,5330,520,280,408,63638,NA,NA,0,NA,NA
1971,LGS,47900,13500,1700,960,891,70013,NA,NA,0,NA,NA
1970,LGS,58900,14100,1200,1300,163,59640,NA,NA,0,NA,NA
2007,LGR,40384,22146,2532,266,52,157214,32998,0,21386,0,34
2006,LGR,37636,8356,1141,293,17,145991,29836,0,7923,0,35
2005,LGR,43958,5572,2077,106,18,155783,35977,0,13584,NA,40
2004,LGR,94469,14592,3802,102,113,154389,36209,0,33987,NA,117
2003,LGR,98763,20913,1135,130,11,180672,45391,1,17545,NA,282
2002,LGR,109535,9769,248,149,55,218718,57291,0,3119,NA,128
2001,LGR,194608,15773,968,119,36,262568,47716,0,18432,NA,27
2000,LGR,41457,21205,891,36,299,113021,20580,0,3251,NA,28
1999,LGR,9940,5954,241,19,14,74440,11740,0,1006,NA,NA
1998,LGR,16118,2439,10,2,2,72017,9559,0,629,NA,NA
1997,LGR,46015,712,85,8,11,85917,8991,0,111,NA,1122
1996,LGR,8122,3007,0,0,3,86072,9583,0,265,NA,490
1995,LGR,2864,838,0,0,3,80853,NA,0,373,NA,NA
1994,LGR,4706,371,0,0,5,47550,9436,0,3402,NA,NA
1993,LGR,30094,352,0,0,12,66700,NA,0,929,NA,NA
1992,LGR,25260,933,0,0,15,121456,NA,0,22298,NA,NA
1991,LGR,11065,2558,0,0,8,100367,NA,NA,722,NA,NA
1990,LGR,22791,561,0,0,0,56939,NA,NA,2804,NA,NA
1989,LGR,16831,2727,0,0,2,132575,NA,NA,1310,NA,NA
1988,LGR,36269,1613,0,0,23,87047,NA,NA,2977,NA,NA
1987,LGR,35670,1996,0,0,29,69334,NA,NA,1037,NA,NA
1986,LGR,38512,4364,1,0,15,134321,NA,NA,156,NA,NA
1985,LGR,30813,5544,1,0,34,114477,NA,NA,692,NA,NA
1984,LGR,12577,3956,0,0,47,98930,NA,NA,320,NA,NA
1983,LGR,13948,2253,25,26,122,86753,NA,NA,552,NA,NA
1982,LGR,17301,2175,31,28,211,72840,NA,NA,30,NA,NA
1981,LGR,16778,2420,1,16,218,40234,NA,NA,72,NA,NA
1980,LGR,8602,2385,30,13,96,40454,NA,NA,308,NA,NA
1979,LGR,9964,2585,50,110,25,25046,NA,NA,75,NA,NA
1978,LGR,53003,1238,25,125,123,29960,NA,NA,0,NA,NA
1977,LGR,44522,4570,50,220,458,51076,NA,NA,25,NA,NA
1976,LGR,23370,8330,440,460,531,23017,NA,NA,0,NA,NA
1975,LGR,24700,3740,440,470,209,17311,NA,NA,1,NA,NA
2007,PRD,60002,5960,11488,822,24645,15183,0,0,1015,0,6593
2006,PRD,84622,2464,3205,608,26710,10408,0,0,281,0,4381
2005,PRD,106664,2765,1173,87,74563,12472,NA,NA,10254,NA,2598
2004,PRD,124094,10526,4830,794,124943,18727,NA,NA,10589,NA,2647
2003,PRD,149586,10847,4803,413,36551,17652,NA,NA,7067,NA,4339
2002,PRD,157228,4279,1143,412,47883,15898,NA,NA,4836,NA,4007
2001,PRD,127837,10753,10144,1045,111320,29675,NA,NA,4419,NA,1624
2000,PRD,81217,10053,336,38,89547,11273,NA,NA,2502,NA,1468
1999,PRD,54572,2469,52,4,16360,8276,NA,NA,4210,NA,1130
1998,PRD,27173,2242,30,0,10769,5837,NA,NA,8079,NA,1383
1997,PRD,31088,1948,25,1,45412,8948,NA,NA,10314,NA,579
1996,PRD,25980,1283,5,1,29453,8376,NA,NA,10267,NA,555
1995,PRD,26565,3991,4,1,9186,4357,NA,NA,20583,NA,595
1994,PRD,29793,3097,0,0,12385,6705,NA,NA,19643,NA,392
1993,PRD,52863,1703,1,0,82925,5493,NA,NA,15443,NA,NA
1992,PRD,32466,5286,1,0,80857,13733,NA,NA,121547,NA,NA
1991,PRD,27249,4235,15,7,71245,14027,NA,NA,27638,NA,NA
1990,PRD,33893,2396,28,3,46331,7830,NA,NA,23602,NA,NA
1989,PRD,46135,3092,31,2,45300,10667,NA,NA,30836,NA,NA
1988,PRD,48668,5274,50,12,51135,10208,NA,NA,31780,NA,NA
1987,PRD,67633,5522,56,52,76577,14265,NA,NA,40041,NA,NA
1986,PRD,56775,11721,74,28,43078,22382,NA,NA,33972,NA,NA
1985,PRD,51096,11063,151,68,118541,34701,NA,NA,44093,NA,NA
1984,PRD,36132,6568,125,47,113761,26076,NA,NA,25182,NA,NA
1983,PRD,26530,3787,315,185,90008,31796,NA,NA,95820,NA,NA
1982,PRD,26183,5888,1269,539,40451,11144,NA,NA,17971,NA,NA
1981,PRD,29929,2671,130,298,51460,8984,NA,NA,20857,NA,NA
1980,PRD,30578,7734,150,68,52039,8524,NA,NA,23701,NA,NA
1979,PRD,32565,5601,280,29,45662,8409,NA,NA,20196,NA,NA
1978,PRD,46590,3940,160,440,17529,4545,NA,NA,21704,NA,NA
1977,PRD,40843,6835,180,190,95413,9812,NA,NA,26515,NA,NA
1976,PRD,34200,9200,790,1500,32810,NA,NA,NA,6435,NA,NA
1975,PRD,30900,12870,380,1800,55209,NA,NA,NA,6939,NA,NA
1974,PRD,28800,3700,1200,620,35434,NA,NA,NA,8028,NA,NA
1973,PRD,26100,8400,1400,210,54480,NA,NA,NA,12572,NA,NA
1972,PRD,26500,6200,2400,2900,44957,NA,NA,NA,2370,NA,NA
1971,PRD,29000,7100,6900,800,73841,NA,NA,NA,1454,NA,NA
1970,PRD,25200,18700,2400,2600,77523,NA,NA,NA,7100,NA,NA
1969,PRD,26700,14050,680,670,39131,NA,NA,NA,3440,NA,NA
1968,PRD,35000,13300,13200,NA,108308,NA,NA,NA,322,NA,NA
1967,PRD,33000,15900,8900,NA,123786,NA,NA,NA,239,NA,NA
1966,PRD,43000,18900,11500,NA,170067,NA,NA,NA,736,NA,NA
1965,PRD,27600,24200,450,NA,48340,NA,NA,NA,752,NA,NA
1964,PRD,32900,18190,80,NA,79167,NA,NA,NA,513,NA,NA
1963,PRD,20900,22800,30,NA,64751,NA,NA,NA,29,NA,NA
1962,PRD,31100,7770,60,NA,28575,NA,NA,NA,839,NA,NA
1961,PRD,28100,9560,90,NA,19541,NA,NA,NA,0,NA,NA
1960,PRD,32400,7700,630,NA,58201,NA,NA,NA,0,NA,NA
2007,RIS,37683,9974,16604,548,25122,13293,5628,0,0,0,1300
2006,RIS,77600,4176,5597,0,35132,9379,4087,0,0,0,1326
2005,RIS,77196,3746,6580,0,71226,12409,6446,NA,NA,NA,2267
2004,RIS,89911,7854,5982,0,106666,19547,14191,NA,NA,NA,2362
2003,RIS,120228,11939,5869,0,34779,17509,11456,NA,NA,NA,5
2002,RIS,125356,5135,1750,1,44320,15282,10350,NA,NA,NA,4878
2001,RIS,101986,21141,10465,0,104847,28602,16252,NA,NA,NA,1460
2000,RIS,44489,16627,1624,0,76515,10515,4414,NA,NA,NA,822
1999,RIS,29487,3310,12,0,18371,6361,1749,NA,NA,NA,NA
1998,RIS,18724,2164,0,0,9334,4962,NA,NA,NA,NA,NA
1997,RIS,21251,1496,5,0,41504,7726,NA,NA,NA,NA,NA
1996,RIS,15868,2211,0,0,29500,7305,NA,NA,NA,NA,NA
1995,RIS,16891,4669,1,0,9462,4168,NA,NA,NA,NA,NA
1994,RIS,21166,3196,18,0,11367,5620,NA,NA,NA,NA,NA
1993,RIS,36118,1079,6,0,65630,4829,NA,NA,NA,NA,NA
1992,RIS,25174,4747,49,0,68359,12476,NA,NA,NA,NA,NA
1991,RIS,18134,3385,152,1,62119,11018,NA,NA,NA,NA,NA
1990,RIS,24323,2876,109,0,44143,6936,NA,NA,NA,NA,NA
1989,RIS,35041,2591,287,0,37360,9351,NA,NA,NA,NA,NA
1988,RIS,38373,4933,722,0,49177,9358,NA,NA,NA,NA,NA
1987,RIS,46004,5454,1404,0,69868,12706,NA,NA,NA,NA,NA
1986,RIS,43747,6723,476,0,49788,22867,NA,NA,NA,NA,NA
1985,RIS,45992,9423,1093,0,103200,31995,NA,NA,NA,NA,NA
1984,RIS,28599,8274,1426,0,109092,24803,NA,NA,NA,NA,NA
1983,RIS,18399,5209,260,0,86424,29666,NA,NA,NA,NA,NA
1982,RIS,16536,6984,1624,0,41111,10150,NA,NA,NA,NA,NA
1981,RIS,18294,2514,827,0,47139,7565,NA,NA,NA,NA,NA
1980,RIS,22840,4056,784,0,52657,7016,NA,NA,NA,NA,NA
1979,RIS,27799,7396,465,NA,50485,7420,NA,NA,NA,NA,NA
1978,RIS,40271,5857,1229,NA,14748,3352,NA,NA,NA,NA,NA
1977,RIS,34390,13069,519,NA,90261,9925,NA,NA,NA,NA,NA
2007,RRH,27131,7450,4634,104,20683,10143,3915,0,0,0,696
2006,RRH,51431,3169,1523,0,25377,8122,3003,0,0,0,370
2005,RRH,52777,3287,1225,0,55570,9699,4241,NA,NA,NA,404
2004,RRH,55214,10324,786,0,81338,14580,9366,NA,NA,NA,1043
2003,RRH,78645,9363,993,0,30355,13641,8772,NA,NA,NA,2521
2002,RRH,94475,4281,481,0,12372,11842,7025,NA,NA,NA,1842
2001,RRH,64141,10047,1628,0,66222,22027,10664,NA,NA,NA,805
2000,RRH,25739,5954,550,0,57428,8272,2474,NA,NA,NA,767
1999,RRH,17417,5463,1,0,14111,4815,680,NA,NA,NA,NA
1998,RRH,10292,792,0,0,5682,4442,NA,NA,NA,NA,NA
1997,RRH,9882,1470,0,0,30485,6722,NA,NA,NA,NA,NA
1996,RRH,8989,808,0,0,21741,5774,NA,NA,NA,NA,NA
1995,RRH,8388,1226,0,0,4988,1756,NA,NA,NA,NA,NA
1994,RRH,10628,1437,6,0,1680,2818,NA,NA,NA,NA,NA
1993,RRH,10791,503,3,0,28319,2815,NA,NA,NA,NA,NA
1992,RRH,6230,2153,84,0,41804,7516,NA,NA,NA,NA,NA
1991,RRH,5553,1124,38,0,27440,7741,NA,NA,NA,NA,NA
1990,RRH,7907,1144,62,0,9296,5014,NA,NA,NA,NA,NA
1989,RRH,12258,837,150,0,16175,6119,NA,NA,NA,NA,NA
1988,RRH,11511,1749,306,0,34089,5678,NA,NA,NA,NA,NA
1987,RRH,13927,1804,927,0,41115,7172,NA,NA,NA,NA,NA
1986,RRH,12896,2455,456,0,32908,15193,NA,NA,NA,NA,NA
1985,RRH,16836,3993,584,0,54077,22690,NA,NA,NA,NA,NA
1984,RRH,11457,3147,923,0,73290,17228,NA,NA,NA,NA,NA
1983,RRH,7275,1744,237,0,26079,19698,NA,NA,NA,NA,NA
1982,RRH,6315,2881,938,0,17379,6241,NA,NA,NA,NA,NA
1981,RRH,8820,1449,522,0,30649,5524,NA,NA,NA,NA,NA
1980,RRH,8024,2127,713,0,29906,4295,NA,NA,NA,NA,NA
1979,RRH,11315,3576,244,NA,28747,4896,NA,NA,NA,NA,NA
1978,RRH,16298,3247,1438,NA,8157,2453,NA,NA,NA,NA,NA
1977,RRH,17516,8389,888,NA,25648,7388,NA,NA,NA,NA,NA
2007,WEL,16918,5362,2432,0,22273,7500,3410,0,0,0,35
2006,WEL,33170,3445,409,0,22075,6674,2573,0,0,0,21
2005,WEL,38972,1248,348,0,55559,7203,2760,NA,NA,NA,212
2004,WEL,41334,2083,291,0,78053,9317,5600,NA,NA,NA,291
2003,WEL,56362,2984,168,0,28977,9963,5952,NA,NA,NA,1408
2002,WEL,76421,684,132,0,10586,9475,5552,NA,NA,NA,338
2001,WEL,50161,8446,609,7,74490,18483,8381,NA,NA,NA,261
2000,WEL,10788,5372,0,0,59944,6280,1787,NA,NA,NA,NA
1999,WEL,9401,1371,199,21,12228,3557,603,NA,NA,NA,NA
1998,WEL,4290,915,0,0,4669,2668,314,NA,NA,NA,NA
1997,WEL,4123,338,3,5,25754,4107,NA,NA,NA,NA,NA
1996,WEL,3267,427,1,0,17701,4127,NA,NA,NA,NA,NA
1995,WEL,3840,505,0,0,4893,945,NA,NA,NA,NA,NA
1994,WEL,7318,948,3,0,1666,2183,NA,NA,NA,NA,NA
1993,WEL,7066,355,7,7,27849,2400,NA,NA,NA,NA,NA
1992,WEL,3655,1409,28,0,41951,7073,NA,NA,NA,NA,NA
1991,WEL,3038,642,16,0,27490,7715,NA,NA,NA,NA,NA
1990,WEL,4765,380,38,0,7972,3819,NA,NA,NA,NA,NA
1989,WEL,6084,436,15,0,15976,4608,NA,NA,NA,NA,NA
1988,WEL,6921,942,78,0,33978,4415,NA,NA,NA,NA,NA
1987,WEL,7065,849,39,0,40109,5195,NA,NA,NA,NA,NA
1986,WEL,7430,967,92,0,34788,13234,NA,NA,NA,NA,NA
1985,WEL,10216,1667,89,1,52989,19757,NA,NA,NA,NA,NA
1984,WEL,8644,2364,95,7,81054,16431,NA,NA,NA,NA,NA
1983,WEL,5326,1509,81,0,27925,18848,NA,NA,NA,NA,NA
1982,WEL,5397,2372,354,1,19005,7811,NA,NA,NA,NA,NA
1981,WEL,5405,1488,25,0,28234,4014,NA,NA,NA,NA,NA
1980,WEL,5317,1460,82,0,26573,3369,NA,NA,NA,NA,NA
1979,WEL,8748,3542,62,NA,26655,3689,NA,NA,NA,NA,NA
1978,WEL,9499,1871,77,NA,7458,1621,NA,NA,NA,NA,NA
1977,WEL,10188,4810,68,NA,21973,5382,NA,NA,NA,NA,NA
2007,WFA,22980,298,1033,164,0,19170,0,0,0,0,0
2006,WFA,38788,519,6186,1614,0,25930,0,0,0,0,0
2005,WFA,36417,1253,1322,271,NA,19733,NA,NA,NA,NA,NA
2004,WFA,96692,873,2849,522,NA,45109,NA,NA,NA,NA,NA
2003,WFA,86288,1885,7908,1869,NA,25306,NA,NA,NA,NA,NA
2002,WFA,82874,1120,2337,2417,NA,50084,NA,NA,NA,NA,NA
2001,WFA,54396,1327,1736,402,NA,39590,NA,NA,NA,NA,NA
2000,WFA,39490,1712,2839,773,NA,17744,NA,NA,NA,NA,NA
1999,WFA,39237,1525,635,623,NA,17839,NA,NA,NA,NA,NA
1998,WFA,35730,1453,373,386,NA,16609,NA,NA,NA,NA,NA
1997,WFA,30696,681,1407,428,NA,19451,NA,NA,NA,NA,NA
1996,WFA,21569,2000,315,976,NA,8147,NA,NA,NA,NA,NA
1995,WFA,20331,1318,582,600,NA,17397,NA,NA,NA,NA,NA
1994,WFA,28005,789,685,174,NA,17119,NA,NA,NA,NA,NA
1993,WFA,36869,2381,427,236,NA,16488,NA,NA,NA,NA,NA
1992,WFA,52292,4003,940,588,NA,17093,NA,NA,NA,NA,NA
1991,WFA,55184,6769,921,815,NA,11303,NA,NA,NA,NA,NA
1990,WFA,73618,2567,901,1817,NA,34535,NA,NA,NA,NA,NA
1989,WFA,72338,3827,1946,1741,NA,16413,NA,NA,NA,NA,NA
1988,WFA,75590,1816,3707,4985,NA,60318,NA,NA,NA,NA,NA
1987,WFA,61563,2218,1589,3224,NA,40507,NA,NA,NA,NA,NA
1986,WFA,51337,2665,2930,2240,NA,61970,NA,NA,NA,NA,NA
1985,WFA,62184,2552,2788,2278,NA,42815,NA,NA,NA,NA,NA
1984,WFA,62423,2173,2735,2560,NA,42386,NA,NA,NA,NA,NA
1983,WFA,41897,2425,949,2840,NA,14599,NA,NA,NA,NA,NA
1982,WFA,70867,2211,1702,3517,NA,25582,NA,NA,NA,NA,NA
1981,WFA,45330,2502,1032,2417,NA,31890,NA,NA,NA,NA,NA
1980,WFA,34124,1234,1276,1365,NA,33578,NA,NA,NA,NA,NA
1979,WFA,35397,1567,1788,1691,NA,16364,NA,NA,NA,NA,NA
1978,WFA,63148,2266,1711,3891,NA,32041,NA,NA,NA,NA,NA
1977,WFA,64251,1885,1007,2120,NA,22848,NA,NA,NA,NA,NA
1976,WFA,50300,2054,2333,2217,NA,13274,NA,NA,NA,NA,NA
1975,WFA,50721,2130,5922,6927,NA,9040,NA,NA,NA,NA,NA
1974,WFA,78014,705,1501,3941,NA,19682,NA,NA,NA,NA,NA
1973,WFA,62356,1841,5174,1583,NA,19586,NA,NA,NA,NA,NA
1972,WFA,36953,1027,9983,7157,NA,23947,NA,NA,NA,NA,NA
1971,WFA,48816,843,17410,6670,NA,28957,NA,NA,NA,NA,NA
1970,WFA,40867,871,17902,19453,NA,4846,NA,NA,NA,NA,NA
1969,WFA,37977,2694,3260,14032,NA,8400,NA,NA,NA,NA,NA
1968,WFA,33118,2597,12400,5300,NA,6400,NA,NA,NA,NA,NA
1967,WFA,55590,2621,7084,1614,NA,14600,NA,NA,NA,NA,NA
1966,WFA,26378,2878,4071,2247,NA,14700,NA,NA,NA,NA,NA
1965,WFA,26700,2441,7080,2184,NA,1500,NA,NA,NA,NA,NA
1964,WFA,31747,4543,NA,NA,NA,900,NA,NA,NA,NA,NA
1963,WFA,29000,1300,NA,NA,NA,1000,NA,NA,NA,NA,NA
1962,WFA,22200,3800,NA,NA,NA,5900,NA,NA,NA,NA,NA
1961,WFA,17200,1700,NA,NA,NA,6500,NA,NA,NA,NA,NA
1960,WFA,13005,1404,512,458,NA,2200,NA,NA,NA,NA,NA
1959,WFA,29614,2302,2065,840,NA,3700,NA,NA,NA,NA,NA
1958,WFA,42946,2379,394,976,NA,5500,NA,NA,NA,NA,NA
1957,WFA,37113,2240,2950,1200,NA,7500,NA,NA,NA,NA,NA
1956,WFA,58006,615,2600,6035,NA,3800,NA,NA,NA,NA,NA
1955,WFA,20575,1500,340,1810,NA,2100,NA,NA,NA,NA,NA
1954,WFA,29525,1972,315,160,NA,5200,NA,NA,NA,NA,NA
1953,WFA,72300,4146,NA,NA,NA,1200,NA,NA,NA,NA,NA
1952,WFA,52200,NA,NA,NA,NA,NA,NA,NA,NA,NA,NA
1951,WFA,34300,NA,NA,NA,NA,NA,NA,NA,NA,NA,NA
1950,WFA,14500,NA,NA,NA,NA,NA,NA,NA,NA,NA,NA
1949,WFA,27000,NA,NA,NA,NA,NA,NA,NA,NA,NA,NA
1948,WFA,30000,NA,NA,NA,NA,NA,NA,NA,NA,NA,NA
1947,WFA,45000,NA,NA,NA,NA,NA,NA,NA,NA,NA,NA
1946,WFA,53000,NA,NA,NA,NA,NA,NA,NA,NA,NA,NA
